Tool,Bin,H,Offset,D,Diameter,Coolant,Spindle,Speed,Description
T001,-1,H001,0,D002,4,OFF,OFF,0,"Probe"
T002,-1,H001,0,D004,2,OFF,CW,3500,"4mm 2f end mill"
T003,-1,H003,0,D006,0,OFF,CW,2500,"6mm 2f end mill"
T004,-1,H004,-52.016,D010,0,OFF,CW,2000,"10mm 2f end mill"
T005,-1,H005,-46.9511,D012,4,OFF,CW,1500,"12mm 2f end mill"
T006,-1,H006,0,D004,2,OFF,CW,2500,"4mm 4f end mill"
T007,-1,H007,0,D006,0,OFF,CW,2000,"6mm 4f end mill"
T008,-1,H008,-54.2615,D010,0,OFF,CW,1500,"10mm 4f end mill"
T009,-1,H009,-26.3835,D010,0,OFF,CW,1500,"10mm 4f em long"
T010,-1,H010,0,D004,2,OFF,CW,2500,"4mm 90d chamfer mil"
T011,-1,H011,-51.7231,D006,0,OFF,CW,2000,"6mm 90d chamfer mil"
T012,-1,H012,-55.4649,D005,12,OFF,CW,2500,"4mm 2f r2 round"
T013,-1,H013,-55.9983,D008,10,OFF,OFF,2000,"8mm 2f r4.0 round"
T014,-1,H014,-37.3007,D006,0,OFF,OFF,1750,"6mm 4f rough"
T015,-1,H015,-62.6959,D006,0,OFF,OFF,1250,"5mm 4f end mill"
T016,-1,H016,-46.359,D012,4,OFF,OFF,3000,"12mm 4f end mill"
T017,-1,H017,-47.4004,D006,0,OFF,OFF,2500,"6mm 3f 631 long"
T018,-1,H018,0,D008,10,OFF,OFF,1750,"8mm 3f end mill"
T019,-1,H019,0,D012,4,OFF,OFF,1250,"12mm 3f end mill"
T020,-1,H020,35.0496,D020,3.3,OFF,OFF,0,"drill-chuck"
T021,-1,H021,-42.6299,D047,0,OFF,OFF,1000,"47mm facing mill"
T022,-1,H022,-24.4808,D010,0,OFF,OFF,0,"10mm roughing mill"
T023,-1,H023,-24.6801,D022,10,OFF,OFF,2000,"22mm 5f flat end mi"
T024,-1,H024,0,D024,0,OFF,OFF,0,"                   "
T025,-1,H025,0,D025,0,OFF,OFF,0,"                   "
T026,-1,H026,0,D026,0,OFF,OFF,0,"                   "
T027,-1,H027,0,D027,0,OFF,OFF,0,"                   "
T028,-1,H028,0,D028,0,OFF,OFF,0,"                   "
T029,-1,H029,0,D029,0,OFF,OFF,0,"                   "
T030,-1,H030,0,D030,0,OFF,OFF,0,"                   "
T031,-1,H031,0,D031,0,OFF,OFF,0,"                   "
T032,-1,H032,0,D032,0,OFF,OFF,0,"                   "
T033,-1,H033,0,D033,0,OFF,OFF,0,"                   "
T034,-1,H034,0,D034,0,OFF,OFF,0,"                   "
T035,-1,H035,0,D035,0,OFF,OFF,0,"                   "
T036,-1,H036,0,D036,0,OFF,OFF,0,"                   "
T037,-1,H037,0,D037,0,OFF,OFF,0,"                   "
T038,-1,H038,0,D038,0,OFF,OFF,0,"                   "
T039,-1,H039,0,D039,0,OFF,OFF,0,"                   "
T040,-1,H040,0,D040,0,OFF,OFF,0,"                   "
T041,-1,H041,0,D041,0,OFF,OFF,0,"                   "
T042,-1,H042,0,D042,0,OFF,OFF,0,"                   "
T043,-1,H043,0,D043,0,OFF,OFF,0,"                   "
T044,-1,H044,0,D044,0,OFF,OFF,0,"                   "
T045,-1,H045,0,D045,0,OFF,OFF,0,"                   "
T046,-1,H046,0,D046,0,OFF,OFF,0,"                   "
T047,-1,H047,0,D047,0,OFF,OFF,0,"                   "
T048,-1,H048,0,D048,0,OFF,OFF,0,"                   "
T049,-1,H049,0,D049,0,OFF,OFF,0,"                   "
T050,-1,H050,0,D050,0,OFF,OFF,0,"                   "
T051,-1,H051,0,D051,0,OFF,OFF,0,"                   "
T052,-1,H052,0,D052,0,OFF,OFF,0,"                   "
T053,-1,H053,0,D053,0,OFF,OFF,0,"                   "
T054,-1,H054,0,D054,0,OFF,OFF,0,"                   "
T055,-1,H055,0,D055,0,OFF,OFF,0,"                   "
T056,-1,H056,0,D056,0,OFF,OFF,0,"                   "
T057,-1,H057,0,D057,0,OFF,OFF,0,"                   "
T058,-1,H058,0,D058,0,OFF,OFF,0,"                   "
T059,-1,H059,0,D059,0,OFF,OFF,0,"                   "
T060,-1,H060,0,D060,0,OFF,OFF,0,"                   "
T061,-1,H061,0,D061,0,OFF,OFF,0,"                   "
T062,-1,H062,0,D062,0,OFF,OFF,0,"                   "
T063,-1,H063,0,D063,0,OFF,OFF,0,"                   "
T064,-1,H064,0,D064,0,OFF,OFF,0,"                   "
T065,-1,H065,0,D065,0,OFF,OFF,0,"                   "
T066,-1,H066,0,D066,0,OFF,OFF,0,"                   "
T067,-1,H067,0,D067,0,OFF,OFF,0,"                   "
T068,-1,H068,0,D068,0,OFF,OFF,0,"                   "
T069,-1,H069,0,D069,0,OFF,OFF,0,"                   "
T070,-1,H070,0,D070,0,OFF,OFF,0,"                   "
T071,-1,H071,0,D071,0,OFF,OFF,0,"                   "
T072,-1,H072,0,D072,0,OFF,OFF,0,"                   "
T073,-1,H073,0,D073,0,OFF,OFF,0,"                   "
T074,-1,H074,0,D074,0,OFF,OFF,0,"                   "
T075,-1,H075,0,D075,0,OFF,OFF,0,"                   "
T076,-1,H076,0,D076,0,OFF,OFF,0,"                   "
T077,-1,H077,0,D077,0,OFF,OFF,0,"                   "
T078,-1,H078,0,D078,0,OFF,OFF,0,"                   "
T079,-1,H079,0,D079,0,OFF,CW,1200,"Drill"
T080,-1,H080,0,D080,0,OFF,OFF,0,"                   "
T081,-1,H081,0,D081,0,OFF,OFF,0,"                   "
T082,-1,H082,0,D082,0,OFF,OFF,0,"                   "
T083,-1,H083,0,D083,0,OFF,OFF,0,"                   "
T084,-1,H084,0,D084,0,OFF,OFF,0,"                   "
T085,-1,H085,0,D085,0,OFF,OFF,0,"                   "
T086,-1,H086,0,D086,0,OFF,OFF,0,"                   "
T087,-1,H087,0,D087,0,OFF,OFF,0,"                   "
T088,-1,H088,0,D088,0,OFF,OFF,0,"                   "
T089,-1,H089,0,D089,0,OFF,OFF,0,"                   "
T090,-1,H090,0,D090,0,OFF,OFF,0,"                   "
T091,-1,H091,0,D091,0,OFF,OFF,0,"                   "
T092,-1,H092,0,D092,0,OFF,OFF,0,"                   "
T093,-1,H093,0,D093,0,OFF,OFF,0,"                   "
T094,-1,H094,0,D094,0,OFF,OFF,0,"                   "
T095,-1,H095,0,D095,0,OFF,OFF,0,"                   "
T096,-1,H096,0,D096,0,OFF,OFF,0,"                   "
T097,-1,H097,0,D097,0,OFF,OFF,0,"                   "
T098,-1,H098,0,D098,0,OFF,OFF,0,"                   "
T099,-1,H099,0,D099,0,OFF,OFF,0,"                   "
T100,-1,H100,0,D100,0,OFF,OFF,0,"                   "
T101,-1,H101,0,D101,0,OFF,OFF,0,"                   "
T102,-1,H102,0,D102,0,OFF,OFF,0,"                   "
T103,-1,H103,0,D103,0,OFF,OFF,0,"                   "
T104,-1,H104,0,D104,0,OFF,OFF,0,"                   "
T105,-1,H105,0,D105,0,OFF,OFF,0,"                   "
T106,-1,H106,0,D106,0,OFF,OFF,0,"                   "
T107,-1,H107,0,D107,0,OFF,OFF,0,"                   "
T108,-1,H108,0,D108,0,OFF,OFF,0,"                   "
T109,-1,H109,0,D109,0,OFF,OFF,0,"                   "
T110,-1,H110,0,D110,0,OFF,OFF,0,"                   "
T111,-1,H111,0,D111,0,OFF,OFF,0,"                   "
T112,-1,H112,0,D112,0,OFF,OFF,0,"                   "
T113,-1,H113,0,D113,0,OFF,OFF,0,"                   "
T114,-1,H114,0,D114,0,OFF,OFF,0,"                   "
T115,-1,H115,0,D115,0,OFF,OFF,0,"                   "
T116,-1,H116,0,D116,0,OFF,OFF,0,"                   "
T117,-1,H117,0,D117,0,OFF,OFF,0,"                   "
T118,-1,H118,0,D118,0,OFF,OFF,0,"                   "
T119,-1,H119,0,D119,0,OFF,OFF,0,"                   "
T120,-1,H120,0,D120,0,OFF,OFF,0,"                   "
T121,-1,H121,0,D121,0,OFF,OFF,0,"                   "
T122,-1,H122,0,D122,0,OFF,OFF,0,"                   "
T123,-1,H123,0,D123,0,OFF,OFF,0,"                   "
T124,-1,H124,0,D124,0,OFF,OFF,0,"                   "
T125,-1,H125,0,D125,0,OFF,OFF,0,"                   "
T126,-1,H126,0,D126,0,OFF,OFF,0,"                   "
T127,-1,H127,0,D127,0,OFF,OFF,0,"                   "
T128,-1,H128,0,D128,0,OFF,OFF,0,"                   "
T129,-1,H129,0,D129,0,OFF,OFF,0,"                   "
T130,-1,H130,0,D130,0,OFF,OFF,0,"                   "
T131,-1,H131,0,D131,0,OFF,OFF,0,"                   "
T132,-1,H132,0,D132,0,OFF,OFF,0,"                   "
T133,-1,H133,0,D133,0,OFF,OFF,0,"                   "
T134,-1,H134,0,D134,0,OFF,OFF,0,"                   "
T135,-1,H135,0,D135,0,OFF,OFF,0,"                   "
T136,-1,H136,0,D136,0,OFF,OFF,0,"                   "
T137,-1,H137,0,D137,0,OFF,OFF,0,"                   "
T138,-1,H138,0,D138,0,OFF,OFF,0,"                   "
T139,-1,H139,0,D139,0,OFF,OFF,0,"                   "
T140,-1,H140,0,D140,0,OFF,OFF,0,"                   "
T141,-1,H141,0,D141,0,OFF,OFF,0,"                   "
T142,-1,H142,0,D142,0,OFF,OFF,0,"                   "
T143,-1,H143,0,D143,0,OFF,OFF,0,"                   "
T144,-1,H144,0,D144,0,OFF,OFF,0,"                   "
T145,-1,H145,0,D145,0,OFF,OFF,0,"                   "
T146,-1,H146,0,D146,0,OFF,OFF,0,"                   "
T147,-1,H147,0,D147,0,OFF,OFF,0,"                   "
T148,-1,H148,0,D148,0,OFF,OFF,0,"                   "
T149,-1,H149,0,D149,0,OFF,OFF,0,"                   "
T150,-1,H150,0,D150,0,OFF,OFF,0,"                   "
T151,-1,H151,0,D151,0,OFF,OFF,0,"                   "
T152,-1,H152,0,D152,0,OFF,OFF,0,"                   "
T153,-1,H153,0,D153,0,OFF,OFF,0,"                   "
T154,-1,H154,0,D154,0,OFF,OFF,0,"                   "
T155,-1,H155,0,D155,0,OFF,OFF,0,"                   "
T156,-1,H156,0,D156,0,OFF,OFF,0,"                   "
T157,-1,H157,0,D157,0,OFF,OFF,0,"                   "
T158,-1,H158,0,D158,0,OFF,OFF,0,"                   "
T159,-1,H159,0,D159,0,OFF,OFF,0,"                   "
T160,-1,H160,0,D160,0,OFF,OFF,0,"                   "
T161,-1,H161,0,D161,0,OFF,OFF,0,"                   "
T162,-1,H162,0,D162,0,OFF,OFF,0,"                   "
T163,-1,H163,0,D163,0,OFF,OFF,0,"                   "
T164,-1,H164,0,D164,0,OFF,OFF,0,"                   "
T165,-1,H165,0,D165,0,OFF,OFF,0,"                   "
T166,-1,H166,0,D166,0,OFF,OFF,0,"                   "
T167,-1,H167,0,D167,0,OFF,OFF,0,"                   "
T168,-1,H168,0,D168,0,OFF,OFF,0,"                   "
T169,-1,H169,0,D169,0,OFF,OFF,0,"                   "
T170,-1,H170,0,D170,0,OFF,OFF,0,"                   "
T171,-1,H171,0,D171,0,OFF,OFF,0,"                   "
T172,-1,H172,0,D172,0,OFF,OFF,0,"                   "
T173,-1,H173,0,D173,0,OFF,OFF,0,"                   "
T174,-1,H174,0,D174,0,OFF,OFF,0,"                   "
T175,-1,H175,0,D175,0,OFF,OFF,0,"                   "
T176,-1,H176,0,D176,0,OFF,OFF,0,"                   "
T177,-1,H177,0,D177,0,OFF,OFF,0,"                   "
T178,-1,H178,0,D178,0,OFF,OFF,0,"                   "
T179,-1,H179,0,D179,0,OFF,OFF,0,"                   "
T180,-1,H180,0,D180,0,OFF,OFF,0,"                   "
T181,-1,H181,0,D181,0,OFF,OFF,0,"                   "
T182,-1,H182,0,D182,0,OFF,OFF,0,"                   "
T183,-1,H183,0,D183,0,OFF,OFF,0,"                   "
T184,-1,H184,0,D184,0,OFF,OFF,0,"                   "
T185,-1,H185,0,D185,0,OFF,OFF,0,"                   "
T186,-1,H186,0,D186,0,OFF,OFF,0,"                   "
T187,-1,H187,0,D187,0,OFF,OFF,0,"                   "
T188,-1,H188,0,D188,0,OFF,OFF,0,"                   "
T189,-1,H189,0,D189,0,OFF,OFF,0,"                   "
T190,-1,H190,0,D190,0,OFF,OFF,0,"                   "
T191,-1,H191,0,D191,0,OFF,OFF,0,"                   "
T192,-1,H192,0,D192,0,OFF,OFF,0,"                   "
T193,-1,H193,0,D193,0,OFF,OFF,0,"                   "
T194,-1,H194,0,D194,0,OFF,OFF,0,"                   "
T195,-1,H195,0,D195,0,OFF,OFF,0,"                   "
T196,-1,H196,0,D196,0,OFF,OFF,0,"                   "
T197,-1,H197,0,D197,0,OFF,OFF,0,"                   "
T198,-1,H198,0,D198,0,OFF,OFF,0,"                   "
T199,-1,H199,0,D199,0,OFF,OFF,0,"                   "
T200,-1,H200,0,D200,0,OFF,OFF,0,"                   "
